"id","username","firstname","lastname","email","profilepic_URL"
1,"funkyPanda23","Isabella","Gonzalez","george.williams94@example.com","https://cdn-icons-png.flaticon.com/128/8398/8398242.png"
2,"sparklingSunflower","Cameron","Parker","jennifer.rodriguez54@example.com","https://cdn-icons-png.flaticon.com/128/8398/8398263.png"
3,"lilahKoo111","Lydia","Perry","michael.foster67@example.com","https://cdn-icons-png.flaticon.com/128/8398/8398201.png"
4,"daringAdventurer","Caleb","Graham","laura.mitchell32@example.com","https://cdn-icons-png.flaticon.com/128/8398/8398337.png"
5,"neonNinja42","Sophie","Reed","william.howard23@example.com","https://cdn-icons-png.flaticon.com/128/8398/8398295.png"
6,"moonlightDreamer","Liam","Boyd","sarah.hughes55@example.com","https://cdn-icons-png.flaticon.com/128/8398/8398309.png"
7,"happyHiker12","Elena","Morrison","david.collins89@example.com","https://cdn-icons-png.flaticon.com/128/8398/8398242.png"
8,"colorfulParrot","Nathan","Morgan","jessica.evans42@example.com","https://cdn-icons-png.flaticon.com/128/8398/8398263.png"
9,"sillySquirrel27","Zoe","Howell","matthew.adams78@example.com","https://cdn-icons-png.flaticon.com/128/8398/8398201.png"
10,"wildWolf87","Samuel","Bryant","elizabeth.ramirez12@example.com","https://cdn-icons-png.flaticon.com/128/8398/8398337.png"
11,"brightButterfly","Aria","Manning","christopher.jenkins56@example.com","https://cdn-icons-png.flaticon.com/128/8398/8398295.png"
12,"creativeCactus","Lucas","Pearson","natalie.kelly46@example.com","https://cdn-icons-png.flaticon.com/128/8398/8398309.png"
13,"coolCaterpillar","Mia","Griffin","andrew.gonzales28@example.com","https://cdn-icons-png.flaticon.com/128/8398/8398242.png"
14,"funnyFlamingo","Ethan","Harrison","emily.taylor79@example.com","https://cdn-icons-png.flaticon.com/128/8398/8398263.png"
15,"giantGiraffe","Hazel","Kim","anthony.roberts64@example.com","https://cdn-icons-png.flaticon.com/128/8398/8398201.png"
16,"happyHedgehog","Jacob","Austin","ashley.murphy37@example.com","https://cdn-icons-png.flaticon.com/128/8398/8398337.png"
17,"jollyJaguar","Chloe","Stewart","james.bell87@example.com","https://cdn-icons-png.flaticon.com/128/8398/8398295.png"
18,"livelyLlama","Oliver","Henderson","amanda.nelson23@example.com","https://cdn-icons-png.flaticon.com/128/8398/8398309.png"
19,"mightyMoose","Lila","Ramos","joseph.hall14@example.com","https://cdn-icons-png.flaticon.com/128/8398/8398242.png"
20,"niftyNarwhal","William","Cruz","samantha.carter45@example.com","https://cdn-icons-png.flaticon.com/128/8398/8398263.png"
21,"orangeOctopus","Violet","Wood","benjamin.hernandez83@example.com","https://cdn-icons-png.flaticon.com/128/8398/8398201.png"
22,"perfectPenguin","Logan","Cook","kimberly.peterson18@example.com","https://cdn-icons-png.flaticon.com/128/8398/8398337.png"
23,"quirkyQuail","Emma","Wright","john.wright75@example.com","https://cdn-icons-png.flaticon.com/128/8398/8398295.png"
24,"redRaccoon","Noah","Jordan","katherine.baker91@example.com","https://cdn-icons-png.flaticon.com/128/8398/8398309.png"
25,"shySalamander","Leah","Fisher","nicholas.allen62@example.com","https://cdn-icons-png.flaticon.com/128/8398/8398242.png"
26,"terrificTurtle","Benjamin","Long","lauren.johnson68@example.com","https://cdn-icons-png.flaticon.com/128/8398/8398263.png"
27,"uniqueUnicorn","Stella","Banks","jacob.green39@example.com","https://cdn-icons-png.flaticon.com/128/8398/8398201.png"
28,"vividVulture","Elijah","Robinson","stephanie.king84@example.com","https://cdn-icons-png.flaticon.com/128/8398/8398337.png"
29,"wanderingWombat","Grace","Nichols","ethan.lewis29@example.com","https://cdn-icons-png.flaticon.com/128/8398/8398295.png"
30,"xenialXenon","Mason","Hunt","tiffany.edwards72@example.com","https://cdn-icons-png.flaticon.com/128/8398/8398309.png"
31,"yellowYak","Hannah","Stephens","ryan.campbell98@example.com","https://cdn-icons-png.flaticon.com/128/8398/8398242.png"
32,"zealousZebra","Alexander","Howard","brittany.richardson19@example.com","https://cdn-icons-png.flaticon.com/128/8398/8398263.png"
33,"adventurousAnt","Avery","Hansen","daniel.lee24@example.com","https://cdn-icons-png.flaticon.com/128/8398/8398201.png"
34,"braveBeaver","Daniel","Burns","julia.turner41@example.com","https://cdn-icons-png.flaticon.com/128/8398/8398337.png"
35,"curiousCat","Madelyn","Snyder","kevin.james73@example.com","https://cdn-icons-png.flaticon.com/128/8398/8398295.png"
36,"daringDeer","Matthew","Gibson","rebecca.white81@example.com","https://cdn-icons-png.flaticon.com/128/8398/8398309.png"
37,"eagerElephant","Ella","Hicks","patrick.anderson43@example.com","https://cdn-icons-png.flaticon.com/128/8398/8398242.png"
38,"fearlessFox","David","Cooper","megan.harris69@example.com","https://cdn-icons-png.flaticon.com/128/8398/8398263.png"
39,"gracefulGazelle","Natalie","Mcdonald","brandon.martin97@example.com","https://cdn-icons-png.flaticon.com/128/8398/8398201.png"
40,"happyHippopotamus","Michael","Ramirez","emily.clark27@example.com","https://cdn-icons-png.flaticon.com/128/8398/8398337.png"
41,"intrepidIguana","Maya","Murray","justin.perez61@example.com","https://cdn-icons-png.flaticon.com/128/8398/8398295.png"
42,"jovialJellyfish","Jackson","Freeman","melissa.thomas52@example.com","https://cdn-icons-png.flaticon.com/128/8398/8398309.png"
43,"kindKangaroo","Aubrey","Brooks","robert.jackson48@example.com","https://cdn-icons-png.flaticon.com/128/8398/8398242.png"
44,"livelyLadybug","Joseph","Simpson","victoria.hernandez38@example.com","https://cdn-icons-png.flaticon.com/128/8398/8398263.png"
45,"merryMole","Lily","Powell","tyler.thompson33@example.com","https://cdn-icons-png.flaticon.com/128/8398/8398201.png"
46,"nobleNightingale","Henry","Roberts","kayla.moore76@example.com","https://cdn-icons-png.flaticon.com/128/8398/8398337.png"
47,"optimisticOtter","Penelope","Gomez","richard.davis22@example.com","https://cdn-icons-png.flaticon.com/128/8398/8398295.png"
48,"playfulPanda","Aiden","Barnes","alyssa.walker63@example.com","https://cdn-icons-png.flaticon.com/128/8398/8398309.png"
49,"quietQuokka","Addison","Rodriguez","cody.miller53@example.com","https://cdn-icons-png.flaticon.com/128/8398/8398242.png"
50,"restlessRaven","Christopher","Adams","olivia.johnston85@example.com","https://cdn-icons-png.flaticon.com/128/8398/8398263.png"
51,"shimmeringShark","Abigail","Hudson","dylan.nelson49@example.com","https://cdn-icons-png.flaticon.com/128/8398/8398201.png"
52,"toughTiger","Joshua","Fleming","ashley.garcia77@example.com","https://cdn-icons-png.flaticon.com/128/8398/8398337.png"
53,"unforgettableUrchin","Sofia","Wallace","william.collins57@example.com","https://cdn-icons-png.flaticon.com/128/8398/8398295.png"
54,"vibrantViper","Evelyn","Cole","samantha.young66@example.com","https://cdn-icons-png.flaticon.com/128/8398/8398309.png"
55,"wonderfulWhale","Anna","Allen","ethan.foster31@example.com","https://cdn-icons-png.flaticon.com/128/8398/8398242.png"
56,"xenophobicXerus","Andrew","West","jessica.diaz15@example.com","https://cdn-icons-png.flaticon.com/128/8398/8398263.png"
57,"youngYabby","Elizabeth","Mendoza","michael.ward26@example.com","https://cdn-icons-png.flaticon.com/128/8398/8398201.png"
58,"zealousZander","Gabriel","Riley","natalie.cook47@example.com","https://cdn-icons-png.flaticon.com/128/8398/8398337.png"
59,"amazingAnaconda","Aaliyah","Chavez","matthew.jones92@example.com","https://cdn-icons-png.flaticon.com/128/8398/8398295.png"
60,"brilliantBadger","Nicholas","Schmidt","lauren.robertson58@example.com","https://cdn-icons-png.flaticon.com/128/8398/8398309.png"
61,"crazyCrab","Brooklyn","Bishop","jacob.sanchez44@example.com","https://cdn-icons-png.flaticon.com/128/8398/8398242.png"
62,"dazzlingDragonfly","Anthony","Baker","katherine.mitchell96@example.com","https://cdn-icons-png.flaticon.com/128/8398/8398263.png"
63,"energeticEagle","Arianna","Gray","andrew.edwards11@example.com","https://cdn-icons-png.flaticon.com/128/8398/8398201.png"
64,"funkyFalcon","Eva","Castillo","emily.ramirez93@example.com","https://cdn-icons-png.flaticon.com/128/8398/8398337.png"
65,"greatGorilla","Savannah","Gardner","anthony.martinez71@example.com","https://cdn-icons-png.flaticon.com/128/8398/8398295.png"
66,"happyHamster","Tyler","Lawson","amanda.turner65@example.com","https://cdn-icons-png.flaticon.com/128/8398/8398309.png"
67,"inquisitiveIbis","Bella","Bryant","james.kelly16@example.com","https://cdn-icons-png.flaticon.com/128/8398/8398242.png"
68,"jollyJay","Sebastian","Stevens","samantha.hernandez86@example.com","https://cdn-icons-png.flaticon.com/128/8398/8398263.png"
69,"keenKoala","Victoria","Johnston","joseph.clark59@example.com","https://cdn-icons-png.flaticon.com/128/8398/8398201.png"
70,"lovelyLion","Max","Baldwin","elizabeth.brown25@example.com","https://cdn-icons-png.flaticon.com/128/8398/8398337.png"
71,"mischievousMonkey","Audrey","Herrera","jane.doe72@hotmail.com","https://cdn-icons-png.flaticon.com/128/8398/8398295.png"
72,"nimbleNewt","Jaxon","Fox","john.smith84@gmail.com","https://cdn-icons-png.flaticon.com/128/8398/8398309.png"
73,"outgoingOstrich","Claire","Ortiz","samantha.jackson33@yahoo.com","https://cdn-icons-png.flaticon.com/128/8398/8398242.png"
74,"peacefulPolarBear","Makayla","Boone","david.nguyen57@outlook.com","https://cdn-icons-png.flaticon.com/128/8398/8398263.png"
75,"quirkyQuokka","Nora","Sanchez","maria.garcia46@icloud.com","https://cdn-icons-png.flaticon.com/128/8398/8398201.png"
76,"radiantRabbit","Owen","Berry","james.robinson89@protonmail.com","https://cdn-icons-png.flaticon.com/128/8398/8398337.png"
77,"sillySeal","Isabelle","Meyer","ashley.williams62@gmail.com","https://cdn-icons-png.flaticon.com/128/8398/8398295.png"
78,"tenaciousToucan","Wyatt","Duncan","william.jones28@outlook.com","https://cdn-icons-png.flaticon.com/128/8398/8398309.png"
79,"upbeatUrial","Alyssa","Schneider","olivia.brown45@yahoo.com","https://cdn-icons-png.flaticon.com/128/8398/8398242.png"
80,"victoriousVole","Julian","Garrett","michael.davis93@hotmail.com","https://cdn-icons-png.flaticon.com/128/8398/8398263.png"
81,"wittyWalrus","Avery","Collins","emily.thomas16@gmail.com","https://cdn-icons-png.flaticon.com/128/8398/8398201.png"
82,"xenodochialXanthareel","Jonathan","Mills","daniel.martinez71@yahoo.com","https://cdn-icons-png.flaticon.com/128/8398/8398337.png"
83,"youngYak","Ellie","Frazier","lauren.hernandez82@icloud.com","https://cdn-icons-png.flaticon.com/128/8398/8398295.png"
84,"zanyZebra","Carter","Moreno","christopher.taylor59@outlook.com","https://cdn-icons-png.flaticon.com/128/8398/8398309.png"
85,"adaptableAlpaca","Mila","Kim","jessica.rodriguez14@hotmail.com","https://cdn-icons-png.flaticon.com/128/8398/8398242.png"
86,"boldBison","Grayson","Nguyen","matthew.anderson77@gmail.com","https://cdn-icons-png.flaticon.com/128/8398/8398263.png"
87,"caringCaribou","Peyton","Beck","natalie.lee88@yahoo.com","https://cdn-icons-png.flaticon.com/128/8398/8398201.png"
88,"determinedDingo","Levi","Bennett","joseph.wright52@protonmail.com","https://cdn-icons-png.flaticon.com/128/8398/8398337.png"
89,"elegantEmu","Caroline","Black","sophia.perez41@icloud.com","https://cdn-icons-png.flaticon.com/128/8398/8398295.png"
90,"fierceFrog","Lincoln","Lucas","andrew.miller75@outlook.com","https://cdn-icons-png.flaticon.com/128/8398/8398309.png"
91,"grinningGoat","Lee","Liam","amber.johnson36@hotmail.com","https://cdn-icons-png.flaticon.com/128/8398/8398242.png"
92,"humbleHare","Garcia","Avery","roberto.gonzalez68@gmail.com","https://cdn-icons-png.flaticon.com/128/8398/8398263.png"
93,"industriousIbis","Chen","Nora","grace.diaz23@yahoo.com","https://cdn-icons-png.flaticon.com/128/8398/8398201.png"
94,"jumpyJackrabbit","Davis","Sofia","nathan.baker56@icloud.com","https://cdn-icons-png.flaticon.com/128/8398/8398337.png"
95,"kindlyKiwi","Nguyen","Ethan","isabella.harris49@outlook.com","https://cdn-icons-png.flaticon.com/128/8398/8398295.png"
96,"luminousLobster","Lopez","Charlotte","jonathan.jackson31@protonmail.com","https://cdn-icons-png.flaticon.com/128/8398/8398309.png"
97,"mightyMantaRay","Patel","Mason","emma.parker98@gmail.com","https://cdn-icons-png.flaticon.com/128/8398/8398242.png"
98,"nobleNarwhal","Smith","Aiden","alexander.green79@yahoo.com","https://cdn-icons-png.flaticon.com/128/8398/8398263.png"
99,"optimisticOcelot","Gonzalez","Aria","mia.campbell64@icloud.com","https://cdn-icons-png.flaticon.com/128/8398/8398201.png"
100,"preciousPuma","Wilson","Evelyn","benjamin.collins27@outlook.com","https://cdn-icons-png.flaticon.com/128/8398/8398337.png"